"idx","sidoNm","name","naverUrl","address","beerType","desc","homepage","x","y"
1,서울,Goose Island Brewhouse Seoul,https://map.naver.com/v5/entry/place/505375149,서울 강남구 역삼로 118,브루펍,,https://gooseisland.kr,"127.03218003162604","37.49343153399763"
2,서울,가로수 브루잉 컴퍼니,https://map.naver.com/v5/entry/place/35279415,서울 강남구 도산대로11길 31-4,탭룸,,https://www.instagram.com/garosubrewingcompany/,"127.02197532654006","37.519528894338976"
3,서울,미켈러바코리아,https://map.naver.com/v5/entry/place/36877874,서울 강남구 신사동 544-22,탭룸,,https://mikkeller.com/locations/mikkeller-bar-seoul,"127.02394480222783","37.52083433304024"
4,서울,비어플라주,https://map.naver.com/v5/entry/place/38653756,서울 강남구 봉은사로 447 아르헤 타워,탭룸,"강아지 두마리와, 분위기 좋은 맥주집",http://www.instagram.com/beerflage/,"127.0486118516733","37.5119335642329"
5,서울,휘스펍,https://map.naver.com/v5/entry/place/36262729,서울 강동구 풍성로58길 12,탭룸,,https://www.instagram.com/hweespub/,"127.13549736625406","37.52839662121259"
6,서울,화수브루어리 서울강북점,https://map.naver.com/v5/entry/place/1748309953,서울 강북구 인수봉로 238,탭룸,,https://www.instagram.com/whasoobrewery_seoul,"127.0119708893687","37.64028148009374"
7,서울,당근슈퍼,https://map.naver.com/v5/entry/place/1061829309,서울 강서구 화곡로 176-22 NS파크APT,바틀샵,,https://www.instagram.com/carrot__mart,"126.84171480713115","37.54087799322936"
8,서울,바틀리스트,https://map.naver.com/v5/entry/place/1898657472,서울 강서구 강서로 433 116호,바틀샵,"와인과, 맥주를 판매하는 맥주",https://www.instagram.com/bottlelist_/,"126.83965759928583","37.56439848633173"
9,서울,비어업,https://map.naver.com/v5/entry/place/1205241876,서울 강서구 마곡중앙6로 45,탭룸,,http://instagram.com/beerupbottleshop,"126.83272063555454","37.560631217141506"
10,서울,LINGO,https://map.naver.com/v5/entry/place/36740119,서울 관악구 봉천로 518-4 유호빌딩,탭룸,"샤로수길의 유명한 탭룸, 수제치킨이 정말 맛있고, 매주 금요일 마다 스페셜 게스트라는 맥주가 온탭되는것이 특징",https://www.instagram.com/tap_house_lingo/,"126.95551317514901","37.47952092152897"
11,서울,아쉬트리,https://map.naver.com/v5/entry/place/1083144317,서울 광진구 아차산로49길 22,브루펍,영국식에일을 만드는 브루어,https://www.instagram.com/ashtreebrewery/,"127.08450694882619","37.537903033113714"
12,서울,알고,https://map.naver.com/v5/entry/place/810682299,서울 광진구 광나루로17길 10,탭룸,"소세지를 직접 만드는 탭룸, 맥주와 함께 직접 만든 소세지를 드셔보세요",http://instagram.com/algo_sausage_official,"127.07286418894414","37.54811806088947"
13,서울,브로이하우스바네하임,https://map.naver.com/v5/entry/place/11572023,서울 노원구 공릉로32길 54 고려빌딩,탭룸,,http://vaneheimbeer.com,"127.08207114631794","37.6217094086093"
14,서울,타일러,https://map.naver.com/v5/entry/place/1339857574,서울 동대문구 하정로 46,탭룸,"낮술, 혼술 하기 좋은 곳, 국내 맥주 위주로 준비되어있다.",https://www.instagram.com/tylerseoul/,"127.02689193106055","37.57513881498265"
15,서울,누바,https://map.naver.com/v5/entry/place/21074787,서울 마포구 와우산로29바길 20 ,탭룸,"벨기에 가게를 그대로 가져다 놓은 듯한 분위기, 벨기에식 맥주들 위주로 준비되어있다",http://instagram.com/nuba_seoul,"126.92570813905039","37.55556554136858"
16,서울,미스터리 브루잉,https://map.naver.com/v5/entry/place/1027233132,서울 마포구 독막로 311,브루펍,"공덕의 맥주 양조장, 맛있는 여러 맥주들을 만드는 지역 양조장",http://www.mysterleebrewing.com/,"126.94741363382158","37.54389550133965"
17,서울,브루브루,https://map.naver.com/v5/entry/place/1102410560,서울 마포구 월드컵로3길 50,탭룸,,http://www.instagram.com/brewbrew350,"126.90983878302922","37.55016436996423"
18,서울,브루하임,https://map.naver.com/v5/entry/place/1997046704,서울 마포구 양화로10길 36,탭룸,여행을 떠나는 듯한 가게 분위기가 특징인 맥주가게,http://www.instagram.com/brewheimseoul,"126.9181432404675","37.55033136211887"
19,서울,색다른한잔,https://map.naver.com/v5/entry/place/1949915733,서울 마포구 독막로2길 35 ,탭룸,"새롭게 보는 맥주들을 보게된 맥주집, 중국 맥주나 여러 독특한 맥주들을 볼 수 있고, 비건 지향 맥주집이다.",http://www.instagram.com/saekdareun1,"126.91455350650347","37.54699204842404"
20,서울,서울 브루어리,https://map.naver.com/v5/entry/place/1740988081,서울 마포구 토정로3안길 10,브루펍,"합정의 브루어리, 직접 만든 맥주들을 판매하고있다.",https://www.seoulbrewery.com/home,"126.91464280307937","37.54593595676204"
21,서울,에일크루,https://map.naver.com/v5/entry/place/1080810206,서울 마포구 와우산로37길 7,브루펍,"뉴 잉글랜드 IPA를 잘만드는 브루어리, 음식과 함께 판매하는 곳이라 혼자보단 여럿이서 가기좋",https://www.instagram.com/alecrew_taphouse,"126.93045507868813","37.555894158909744"
22,서울,웨일펍,https://map.naver.com/v5/entry/place/35756687,서울 마포구 독막로 72,탭룸,,http://www.instagram.com/whalepub,"126.9214193535398","37.547618272934024"
23,서울,뉴타운,https://map.naver.com/v5/entry/place/481514820,서울 서대문구 연세로12길 27,탭룸,"신촌의 맥주집, 해외 맥주 위주의 맥주가 많이 있다.",https://www.instagram.com/newtownbehere/,"126.93856136218722","37.559119545505695"
24,서울,브루어리304,https://map.naver.com/v5/entry/place/38328506,서울 서대문구 통일로11길 7,브루펍,,https://www.brewery304.com/,"126.96257122800557","37.56924092469035"
25,서울,세러데이즈,https://map.naver.com/v5/entry/place/1125953324,서울 서초구 방배로28길 29-1,탭룸,,http://instagram.com/saturdays__seoul,"126.99363465642459","37.490781650432204"
26,서울,크래프트브로스 탭하우스 & 바틀샵,https://map.naver.com/v5/entry/place/35044765,서울 서초구 사평대로22길 18,브루펍,"뉴잉글랜드 IPA를 잘만드는 브루어리인 크래프트브로스에서 운영하는 탭룸&바틀샵 혼술하기도 좋고, 다같이 가서 먹기도 좋은 가게다.",http://www.craftbros.co.kr/,"126.9976331846088","37.49879410479221"
27,서울,JAFA Brewery,https://map.naver.com/v5/entry/place/1606478146,서울 성동구 성수이로14길 14,탭룸,,https://www.instagram.com/jafabrewery/,"127.05677782240696","37.54157610114315"
28,서울,스텐서울,https://map.naver.com/v5/entry/place/1518838208,서울 성동구 연무장길 33 1층,탭룸,,https://www.instagram.com/stan.seoul/,"127.05328941423242","37.543170013426725"
29,서울,어메이징브루잉컴퍼니,https://map.naver.com/v5/entry/place/37558917,서울 성동구 성수일로4길 4,브루펍,,http://www.amazingbrewing.co.kr,"127.0495043527525","37.542975178040514"
30,서울,쿨쉽,https://map.naver.com/v5/entry/place/1395455721,서울 성동구 장터길 35-1 2층,탭룸,,https://www.instagram.com/coolship_korea/,"127.01996216226547","37.5484120082907"
31,서울,F64,https://map.naver.com/v5/entry/place/37880044,서울 성북구 성북로 19-1 2층,탭룸,,https://www.instagram.com/tapf64/,"127.00430706100573","37.58976281809411"
32,서울,정릉맥주도가,https://map.naver.com/v5/entry/place/1852391912,서울 성북구 아리랑로19길 46-4,탭룸,,http://www.instagram.com/jeongneungbrewery,"127.01065023926658","37.602709954214305"
33,서울,카브루,https://map.naver.com/v5/entry/place/1182386478,서울 송파구 송파대로 403,브루펍,,http://www.kabrew.co.kr/,"127.1087133740724","37.50300976385354"
34,서울,브루스카,https://map.naver.com/v5/entry/place/1264088331,서울 영등포구 경인로79길 9 ,탭룸,,http://www.instagram.com/brew_sukha,"126.89434627992202","37.51294364652331"
35,서울,비어바나,https://map.naver.com/v5/entry/place/1685025188,서울 영등포구 도림로129길 5-1,브루펍,,https://www.instagram.com/beervana_brewery_seoul/,"126.89532309948483","37.513333793006936"
36,서울,비어포스트 바,https://map.naver.com/v5/entry/place/1284087143,서울 영등포구 도림로131길 15,탭룸,,https://www.instagram.com/beerpostbar/,"126.89416281148365","37.51379113746233"
37,서울,조르바더크래프트,https://map.naver.com/v5/entry/place/1128418151,서울 영등포구 도림로 431,탭룸,,https://www.instagram.com/zorbathecraft/,"126.894957299678","37.51405609472685"
38,서울,남산케미스트리,https://map.naver.com/v5/entry/place/36960152,서울 용산구 회나무로 33,탭룸,,https://www.facebook.com/namsanchemistry,"126.99041839826363","37.53980330820169"
39,서울,달맥슈퍼,https://map.naver.com/v5/entry/place/1216444925,서울 용산구 녹사평대로54길 7,바틀샵,,https://www.instagram.com/dalmac_super/,"126.98770353529899","37.539406233190086"
40,서울,브루어스,https://map.naver.com/v5/entry/place/1605869377,서울 용산구 신흥로20길 39,탭룸,,http://www.instagram.com/brewers_craftbeer,"126.98401231127755","37.54727872372007"
41,서울,소버,https://map.naver.com/v5/entry/place/1843260582,서울 용산구 한강대로 159,탭룸,,http://instagram.com/sober__seoul,"126.97150653243143","37.533327844084674"
42,서울,아톤브루어리,https://map.naver.com/v5/entry/place/1835290710,서울 용산구 장문로 23,브루펍,,http://www.instagram.com/aton_brewery,"126.99310751487344","37.528565543932444"
43,서울,우리슈퍼,https://map.naver.com/v5/entry/place/18727430,서울 용산구 녹사평대로 234 1층 102호,바틀샵,,https://www.instagram.com/woori_super/,"126.98712315544817","37.5385499281381"
44,서울,핸드앤몰트,https://map.naver.com/v5/entry/place/1905880476,서울 용산구 한강대로38가길 19,브루펍,,http://handandmalt.com/,"126.97063221893045","37.529885889311984"
45,서울,서울브루어리 한남,https://map.naver.com/v5/entry/place/1324589783,서울 용산구 한남대로18길 18 2층,브루펍,,https://www.seoulbrewery.com/,"127.00838686627623","37.53434987365831"
46,서울,노비어노라이프,https://map.naver.com/v5/entry/place/1487456732,서울 은평구 진관3로 33 은평뉴타운 꿈에그린 상가동 B02호,탭룸,,https://www.instagram.com/no.beer_no.life_/,"126.92027439457576","37.63985135088308"
47,서울,몰림,https://map.naver.com/v5/entry/place/1061240251,서울 종로구 사직로10길 5,탭룸,,http://www.instagram.com/mollim_gypsybrewery,"126.97048822229902","37.57567036712581"
48,서울,보리마루 탭하우스,https://map.naver.com/v5/entry/place/38667685,서울 종로구 자하문로2길 20 하늘빌딩 2층,탭룸,,http://instagram.com/borimaru_pub,"126.97380366852325","37.576358081136"
49,서울,서울집시,https://map.naver.com/v5/entry/place/1311007811,서울 종로구 서순라길 107,브루펍,,http://instagram.com/seoulgypsy,"126.99153990317394","37.57503307431422"
50,서울,술라,https://map.naver.com/v5/entry/place/1247716788,서울 종로구 서순라길 57 ,탭룸,,http://instagram.com/craftsulla,"126.99294968721193","37.57304813440098"
51,서울,에일당,https://map.naver.com/v5/entry/place/337616098,서울 종로구 수표로28길 33-9,탭룸,,https://www.instagram.com/alepub/,"126.9901343532069","37.573539177411966"
52,서울,크래프트 혜화,https://map.naver.com/v5/entry/place/1477299135,서울 종로구 대학로9길 28,탭룸,,http://www.instagram.com/crafthyehwa,"127.00045437537146","37.58175304355928"
53,서울,MANRI199,https://map.naver.com/v5/entry/place/372557663,서울 중구 만리재로 199 1층,탭룸,,http://www.instagram.com/manri199_taproom,"126.96771244350927","37.55546492888854"
54,서울,끽비어컴퍼니,https://map.naver.com/v5/entry/place/1987256089,서울 중구 을지로 157,브루펍,,http://www.ggeekbeer.com,"126.99544760711507","37.567122596758296"
55,서울,정동독립맥주공장,https://map.naver.com/v5/entry/place/1100003815,서울 중구 정동길 17,탭룸,,https://www.instagram.com/indie_beer_factory,"126.9706420708745","37.56716191526564"
56,서울,헤이웨이브,https://map.naver.com/v5/entry/place/1461483258,서울 중구 퇴계로84길 25,탭룸,,https://www.instagram.com/heywave_sindang,"127.01947657217158","37.56473761827068"
57,경기,펀더멘탈 브루잉,https://map.naver.com/v5/entry/place/1906851257,경기 수원시 영통구 매영로269번길 61,브루펍,,https://www.instagram.com/fundamental_brewing_co/,"127.06772488808122","37.25978047272948"
58,경기,플레이그라운드,https://map.naver.com/v5/entry/place/36862822?,경기 고양시 일산서구 이산포길 246-13 1층,브루펍,,https://www.playgroundbrewery.com/,"126.7021767713445","37.6677399293367"
59,경기,굿맨브루어리,https://map.naver.com/v5/entry/place/37371746,경기 구리시 동구릉로389번길 46-4,브루펍,,http://goodmanbrewery.co.kr/,"127.1396419967119","37.63283956217038"
60,경기,동두천브루어리,https://map.naver.com/v5/entry/place/1024733776,경기 동두천시 중앙로 293 2층,브루펍,,https://www.instagram.com/dongducheon_brewery/,"127.0543853141311","37.90772475075852"
61,경기,히든트랙브루잉,https://map.naver.com/v5/entry/place/1067287990,경기 양주시 화합로 1754,브루펍,,http://www.hiddentrackbrewing.com,"127.10097562036157","37.84016887934481"
62,경기,크래머리 브루어리,https://map.naver.com/v5/entry/place/1829721672,경기 가평군 상면 청군로 429,브루펍,,https://www.instagram.com/kraemerlee/,"127.39436646647626","37.760321199051944"
63,경기,매직트리브루어리,https://map.naver.com/v5/entry/place/1339365964,경기 용인시 처인구 백령로 39 ,브루펍,,http://www.instagram.com/magictree_yongin,"127.19230005698827","37.26282806660151"
64,경기,헤이스탁 브루어리,https://map.naver.com/v5/entry/place/1648457728,경기 성남시 분당구 판교공원로3길 25,브루펍,,https://www.instagram.com/haystackbeer,"127.0890578469614","37.391246476110176"
65,경기,엘리펀트캐슬,https://map.naver.com/v5/entry/place/1352303121,경기 수원시 팔달구 신풍로23번길 28,탭룸,,https://www.instagram.com/elephantcastle2018/,"127.01341735728697","37.28366830573709"
66,경기,크로디,https://map.naver.com/v5/entry/place/1143620616,경기 오산시 오산로 252 1층,브루펍,,http://instagram.com/pub_crowd,"127.06873129105175","37.14944063784255"
67,경기,크래프트인하우스 비어탭룸,https://map.naver.com/v5/entry/place/1804872125,경기 성남시 수정구 위례서일로1길 7 1층,탭룸,,https://www.instagram.com/craftinhouse2019wiryejung/,"127.1373951217279","37.46652483831196"
68,인천,어메이징브루잉컴퍼니,https://map.naver.com/v5/entry/place/436590215,인천 연수구 송도과학로16번길 33-3,브루펍,,https://www.amazingbrewing.co.kr/,"126.66125006449604","37.37981788341741"
69,인천,인천맥주,https://map.naver.com/v5/entry/place/1587888300,인천 중구 신포로15번길 41 ,브루펍,,https://www.instagram.com/incheon_brewery,"126.62219577375281","37.47151493850722"
70,인천,브로이인탭하우스,https://map.naver.com/v5/entry/place/34698935,인천 부평구 시장로20번길 23 ,탭룸,,https://www.instagram.com/brauintap/,"126.72643734231168","37.49255361569939"
71,인천,올빼미브루펍,https://map.naver.com/v5/entry/place/935158690,인천 남동구 인하로507번길 63 ,탭룸,,https://www.instagram.com/owlbrewpub/,"126.70283353032384","37.44618570388456"
72,인천,플레이그라운드 브루어리 탭룸 송도,https://map.naver.com/v5/entry/place/137449520,인천 연수구 컨벤시아대로 80 ,탭룸,,http://www.playgroundbrewery.com/,"126.64951809433816","37.39559606335283"
73,인천,슬로스브루잉,https://map.naver.com/v5/entry/place/1785492357,인천 중구 영종대로 166 ,브루펍,,https://map.naver.com/v5/entry/place/1785492357,"126.49707314982422","37.493066558451"
74,강원,감자아일랜드,https://map.naver.com/v5/entry/place/1245083196,강원 춘천시 사우로 163,브루펍,,http://gamjaisland.com/,"127.74294503233882","37.90739745352346"
75,강원,스퀴즈브루어리,https://map.naver.com/v5/entry/place/1927298210,강원 춘천시 공지로 353,브루펍,,http://squeezebrewery.com/,"127.7270367062396","37.86982852645813"
76,강원,CRAFTROOT,https://map.naver.com/v5/entry/place/814389083,강원 속초시 관광로 418,브루펍,,https://craftroot.co.kr/,"128.5377122300325","38.19724237457138"
77,강원,강릉브루어리 바이 현,https://map.naver.com/v5/entry/place/1832471577,강원 강릉시 율곡초교길11번길 9 ,브루펍,,http://instagram.com/gangneung_brewery,"128.87972749036146","37.767578310540515"
78,강원,버드나무 브루어리,https://map.naver.com/v5/entry/place/37090227,강원 강릉시 경강로 1961,브루펍,,http://www.facebook.com/Budnamu/,"128.88439808957455","37.74812404347792"
79,강원,화이트 크로우 브루잉,https://map.naver.com/v5/entry/place/1621877893,강원 평창군 방림면 고원로 65,브루펍,,https://www.instagram.com/whitecrowbrewing/,"128.2515424307895","37.47598350636315"
80,강원,아리랑 브루어리,https://map.naver.com/v5/entry/place/1134919561,강원 정선군 신동읍 예미2길 26-55,브루펍,,http://www.xn--9i2blz0qc217czqmswa.com/,"128.65135893977404","37.21507528676504"
81,강원,구스범스,https://map.naver.com/v5/entry/place/1140773629,강원 춘천시 우묵들길 8,탭룸,,https://www.instagram.com/goosebumps_pub,"127.72362818602328","37.86500050926922"
82,강원,몽트비어,https://map.naver.com/v5/entry/place/1557846495,강원 속초시 학사평길 7-1,브루펍,,https://www.instagram.com/montbeer_official,"128.52809345061576","38.20435649693679"
83,충청,순성브루어리,https://map.naver.com/v5/entry/place/1791645823,충남 당진시 순성면 매실로 394,브루펍,,https://www.instagram.com/sunseongbrew,"126.70716354147298","36.830565420925105"
84,충청,칠홉스브루잉,https://map.naver.com/v5/entry/place/1167994624,충남 서산시 동서1로 148-3 1층,브루펍,,https://www.instagram.com/chillhopsbrewingco/,"126.45457509942464","36.7669604402634"
85,충청,바이젠하우스,https://map.naver.com/v5/entry/place/38331604,충남 공주시 우성면 성곡길 125,브루펍,,http://www.weizenhaus.com/,"127.07088772458657","36.488866769869254"
86,충청,블루웨일브루하우스,https://map.naver.com/v5/entry/place/1935643014,충북 충주시 사직로 109 ,브루펍,,https://blog.naver.com/bluewhalebrewhouse,"127.92480968133745","36.96760505479544"
87,충청,크래프트힐,https://map.naver.com/v5/entry/place/38467339,충남 천안시 서북구 불당31길 3-3 102호,브루펍,,https://www.instagram.com/craft_hill,"127.10506277305865","36.81013566347257"
88,충청,홀리데이펍,https://map.naver.com/v5/entry/place/1131779179,"충북 청주시 서원구 내수동로108번길 51 ,1층",탭룸,,http://instagram.com/holiday_beer,"127.45737496370869","36.632172750822484"
89,대전,더랜치 브루잉,https://map.naver.com/v5/entry/place/1719847921,대전 서구 계백로1249번안길 62,브루펍,,http://ranchbrewing.com/landing/,"127.35775291959084","36.3115133716784"
90,대전,홉홉,https://map.naver.com/v5/entry/place/1710050311,대전 서구 갈마역로25번길 7 ,탭룸,,https://www.instagram.com/hophopp__/,"127.37378901646743","36.35269943992047"
91,대전,홉홉플래닛,https://map.naver.com/v5/entry/place/1438661894,대전 유성구 대덕대로590번길 12-13 ,탭룸,,http://instagram.com/hophopp_lounge,"127.37957797216276","36.38499440365016"
92,대전,더랜치펍,http://naver.me/F36Exq7J,대전 유성구 궁동로18번길 88 ,탭룸,,https://www.instagram.com/theranchpub/,"127.35222939818367","36.36268266535306"
93,경상,가나다라브루어리,https://map.naver.com/v5/entry/place/1073000773,경북 문경시 문경대로 625-1,브루펍,,http://www.ganadara.co.kr,"128.15633169064427","36.61483552923135"
94,경상,안동맥주퍼블릭하우스,https://map.naver.com/v5/entry/place/1150887058,경북 안동시 문화광장길 16-7 1층,브루펍,,http://instagram.com/andongbeer.pub,"128.73077506460393","36.56384588297058"
95,경상,화수브루어리 경주점,https://map.naver.com/v5/entry/place/1460607344,경북 경주시 보문로 465-67 A동 1층 101호,브루펍,,https://whasoobrewery.com/,"129.29025829515322","35.83967061064142"
96,경상,라미브루잉,https://map.naver.com/v5/entry/place/1107059524,경남 창원시 성산구 삼귀로 177,브루펍,,http://instagram.com/ramibrewing,"128.59816083018742","35.16977870906341"
97,경상,라인도이치,https://map.naver.com/v5/entry/place/1051932938,경남 통영시 미우지해안로 103,브루펍,,http://www.reindeutsch.com,"128.39626157309658","34.82563356414625"
98,경상,완벽한인생,https://map.naver.com/v5/entry/place/1748738946,경남 남해군 삼동면 독일로 30 ,브루펍,,http://www.instagram.com/perfectlife.official,"128.0435746676679","34.79733880876267"
99,경상,흐흐흐,https://map.naver.com/v5/entry/place/1598924400,경북 경주시 태종로727번길 23-1 1층,탭룸 ,,https://www.instagram.com/hhh.054/,"129.20771406235514","35.84130367122946"
100,경상,화수브루어리 경주점,https://map.naver.com/v5/entry/place/1460607344,경북 경주시 보문로 465-67 A동 1층 101호,브루펍,,https://www.instagram.com/whasoobrewery,"129.29025829515322","35.83967061064142"
101,경상,다이노 브루잉,https://map.naver.com/v5/entry/place/1166468718,경남 창원시 진해구 중원로86번길 22-2,브루펍,,http://www.instagram.com/dinobrewingco,"128.6623470167878","35.151445297369904"
102,경상,경산브루어리,https://map.naver.com/v5/entry/place/1176921335,경북 경산시 경산로42길 4,브루펍,,https://www.instagram.com/kyungsan_brewery/,"128.72641435340182","35.82675160722528"
103,경상,별맥,https://map.naver.com/v5/entry/place/1130758874,경북 경산시 압량읍 인안길20길 1,브루펍,,http://www.instagram.com/byeolmacbrewing,"128.78955138476118","35.85892965863831"
104,대구,칠곡브루어리,https://map.naver.com/v5/entry/place/1097342920,대구 북구 학정로 435 1층,브루펍,,https://www.instagram.com/7brewery/,"128.56330431699882","35.94356114413742"
105,대구,데니쉬옐로우,https://map.naver.com/v5/entry/place/672702408,대구 중구 국채보상로 527,바틀샵,,https://www.instagram.com/danish_yellow_official/,"128.58846064775787","35.870409899791504"
106,대구,버내너펍,https://map.naver.com/v5/entry/place/1257635986,대구 중구 문우관길 19,탭룸,,https://www.instagram.com/bananapub_with_ale/,"128.59005305521075","35.864435248997104"
107,대구,언더브루,https://map.naver.com/v5/entry/place/1310960528,대구 중구 봉산문화길 38 ,탭룸,,https://www.instagram.com/underbrew_/,"128.5980191407368","35.861805984757595"
108,대구,엠버스펍,https://map.naver.com/v5/entry/place/1547405526,대구 수성구 들안로 386,탭룸,,http://www.instagram.com/amberspub,"128.618385462274","35.86460397735473"
109,대구,퍼센트,https://map.naver.com/v5/entry/place/37485743,대구 중구 대봉로 206,탭룸,,https://www.instagram.com/percent_craftbeer/,"128.60213236170344","35.857059964469485"
110,대구,네모펍,https://map.naver.com/v5/entry/place/1315870109,대구 중구 동덕로 84-3,탭룸,,https://blog.naver.com/nemopub,"128.60350875319185","35.86237957790257"
111,대구,대도양조장,https://map.naver.com/v5/entry/place/1355507817,대구 중구 동덕로14길 47,브루펍,,http://www.instagram.com/daedo_brewing,"128.60647558837982","35.86075473219265"
112,대구,더키크래프트,https://map.naver.com/v5/entry/place/1004823965,대구 수성구 범어로19길 35,탭룸,,https://www.instagram.com/thekeycraftdaegu/,"128.6338623164313","35.85779435801392"
113,대구,브루어스 브라더스,https://map.naver.com/v5/entry/place/36886538,대구 중구 종로 29,탭룸,,http://www.instagram.com/brewersbrothers,"128.59171444273116","35.86851267012383"
114,대구,잭스펍,https://map.naver.com/v5/entry/place/1957109700,대구 북구 산격로6길 13 ,탭룸,,,"128.60675484312773","35.89265319937101"
115,대구,블루솔트,https://map.naver.com/v5/entry/place/1522947979,대구 중구 경상감영길 210 1층,탭룸,,https://www.instagram.com/bluesalt__/,"128.59878756398822","35.871598048423934"
116,전라,파머스브루어리,https://map.naver.com/v5/entry/place/1651502871,전북 전주시 완산구 전주객사1길 15 ,브루펍,,,"127.14003395278483","35.817242631019795"
117,전라,노매딕 브루잉 컴퍼니,https://map.naver.com/v5/entry/place/1080013888,전북 전주시 완산구 전라감영3길 12-10,브루펍,,http://instagram.com/nomadicbrewingco,"127.14379518630139","35.81642148444836"
118,전라,"583 양조장",https://map.naver.com/v5/entry/place/1977932103,전북 장수군 장계면 의암로 583-8,브루펍 ,,http://www.583beer.modoo.at,"127.62051225298096","35.68271720988054"
119,전라,순천양조장,https://map.naver.com/v5/entry/place/1572495190,전남 순천시 역전길 57,브루펍,,https://www.instagram.com/suncheon_brewery/,"127.49874344587695","34.947396035620294"
120,전라,군산비어포트,https://map.naver.com/v5/entry/place/1293874448,전북 군산시 해망로 146-24,브루펍,,https://www.instagram.com/gunsan_beerport/,"126.72103653453209","35.98805271865499"
121,광주,비아브루어리,https://map.naver.com/v5/entry/place/1995857688,광주 광산구 임방울대로826번길 47,브루펍,,https://www.instagram.com/via_pub/,"126.84920626133507","35.215306469834594"
122,부산,툼브로이,https://map.naver.com/v5/entry/place/1791164031,부산 해운대구 해운대로 1244,브루펍,,https://www.instagram.com/turmbrau_korea/,"129.20591991287455","35.1957892345854"
123,부산,와일드웨이브,https://map.naver.com/v5/entry/place/37642698,부산 해운대구 송정중앙로5번길 106-1,브루펍,,https://www.wildwavebrew.com/,"129.20353390321944","35.18781108629253"
124,부산,부산프라이드브루어리,https://map.naver.com/v5/entry/place/1094824462,부산 기장군 기장읍 동서길 84-2,브루펍,,http://busanpridebrewery.com/,"129.19904009513226","35.25822517944309"
125,부산,갈매기브루잉 광안본점,https://map.naver.com/v5/entry/place/37293668,부산광역시 수영구 광남로 125,브루펍,,https://www.instagram.com/galmegibrewing_gwangan/,"129.11618119001702","35.15273431486188"
126,부산,갈매기브루잉 해운대점,https://map.naver.com/v5/entry/place/37337102,부산광역시 해운대구 해운대해변로 265번길 9,브루펍,,https://www.instagram.com/galmegibrewinghaeundae/,"129.1607415269262","35.160361225900914"
127,부산,갈매기브루잉 남포점,https://map.naver.com/v5/entry/place/37828107,"부산광역시 중구 광복로 21-3, 2층",브루펍,,https://www.instagram.com/galmegibrewingnampo/,"129.02755863816463","35.09954929289456"
128,부산,갈매기브루잉 경성대점,https://map.naver.com/v5/entry/place/969276822,"부산 남구 수영로334번길 13, 2층",브루펍,,https://www.instagram.com/galmegi_brewing_ksu/,"129.10271187077592","35.13786152710396"
129,부산,허심청브로이,https://map.naver.com/v5/entry/place/31558252,부산 동래구 금강공원로20번길 23,브루펍,,,"129.08260268152748","35.2199020564095"
130,부산,고릴라브루잉 해운대,https://map.naver.com/v5/entry/place/1041542249,부산 해운대구 해운대로570번길 46,브루펍,,http://www.gorilla.beer,"129.15872583392107","35.15980599688941"
131,부산,고릴라브루잉,https://map.naver.com/v5/entry/place/37010572,부산 수영구 광남로 125 2층,브루펍,,http://www.gorilla.beer,"129.11618119001702","35.15273431486188"
132,부산,프라하993,https://map.naver.com/v5/entry/place/860462240,부산 수영구 구락로123번길 20,브루펍,,http://praha993.com/,"129.11542954562745","35.17760200598895"
133,부산,테트라포드 브루잉,https://map.naver.com/v5/entry/place/512550129,"부산 부산진구 중앙대로 680번가길 77, 2층",브루펍,,https://www.instagram.com/tetrapod_brewing_co/,"129.06099927187802","35.15692355909526"
134,부산,프리츠프리츠,https://map.naver.com/v5/entry/place/1915163311,부산 부산진구 전포대로255번길 43-14 2층,탭룸,,https://www.instagram.com/fritzfritz_/,"129.06283690853633","35.15881707465605"
135,부산,벤스하버,https://map.naver.com/v5/entry/place/1406027655,부산 금정구 장전로12번길 24,탭룸,,https://www.instagram.com/bensharbour/,"129.08799330429625","35.22876586282839"
136,부산,세미스피어,https://map.naver.com/v5/entry/place/1118453140,부산 금정구 장전온천천로 51,탭룸,,https://www.instagram.com/semisphere_bottleshop/?igshid=9lny22jxajbs,"129.0888157633367","35.22959375418548"
137,부산,케빈보이,https://map.naver.com/v5/entry/place/1181567996,부산 부산진구 부전로20번길 26,바틀샵,,https://www.instagram.com/_cabin_boy/,"129.0569513086424","35.15314530244005"
138,부산,거품안넘치게따라줘,https://map.naver.com/v5/entry/place/1437444827,부산 부산진구 서전로9번길 14,바틀샵,,https://www.instagram.com/nobubble.please/?utm_medium=copy_link,"129.06082211043244","35.15845655328469"
139,울산,트레비어 양조장,https://map.naver.com/v5/entry/place/37069573,울산 울주군 언양읍 반구대로 1305-2,브루펍,,http://www.trevier.co.kr,"129.14134781868708","35.6047739677362"
140,울산,멕켄지,https://map.naver.com/v5/entry/place/1204723138,울산 중구 학성로 83,탭룸,,http://www.instagram.com/Ulsan_Mckenzie,"129.32006389579183","35.55518581321388"
141,울산,화수브루어리,https://map.naver.com/v5/entry/place/1620469840,울산 남구 왕생로 36,브루펍,,https://www.instagram.com/whasoobrewery/,"129.3322270567295","35.53667990162409"
142,제주,맥파이 브루어리,https://map.naver.com/v5/entry/place/38350155,제주 제주시 동회천1길 23,브루펍,,http://www.magpiebrewing.com/,"126.6173029678339","33.50290817463424"
143,제주,맥파이 탑동점,https://map.naver.com/v5/entry/place/35877514,제주  제주시 탑동로2길 7 2층,탭룸,,http://www.magpiebrewing.com/,"126.5233594330633","33.51798733411506"
144,제주,고브루,https://map.naver.com/v5/entry/place/1159492732,제주 서귀포시 남성중로 171,브루펍,,http://www.instagram.com/gobrew_jeju,"126.55253248432831","33.24705984636476"
145,제주,제주약수터,https://map.naver.com/v5/entry/place/1259656724,제주 서귀포시 중앙로 35,탭룸,,http://www.instagram.com/jeju_beer_fountain,"126.5617043689411","33.24773327682641"
146,제주,제주약수터 올레시장점,https://map.naver.com/v5/entry/place/1777244767,제주 서귀포시 중앙로48번길 10,탭룸,,http://www.instagram.com/jeju_beer_fountain,"126.56271194200576","33.24900654383086"
147,제주,펭귄맥주,https://map.naver.com/v5/entry/place/1618293647,제주 제주시 구산로 22-7 102호,탭룸,,https://www.instagram.com/penguin_beer_jeju/,"126.53689430357694","33.48304329256463"
148,제주,달맥,https://map.naver.com/v5/entry/place/1098048149,제주 제주시 광양13길 6-2,탭룸,,http://instagram.com/moonbeer_jeju,"126.53129920364556","33.49855654716437"
149,제주,스톤아일랜드탭하우스,https://map.naver.com/v5/entry/place/1244422132,제주 제주시 삼무로7길 16 ,탭룸,,http://instagram.com/stoneisland_taphouse,"126.4932565337156","33.492444165813644"
150,제주,사우스바운더,https://map.naver.com/v5/entry/place/1655818658,제주 서귀포시 예래로 33,브루펍,,https://www.instagram.com/southbounderbrewery/,"126.40239014963714","33.25651985063594"
151,제주,나들가게기영상회,https://map.naver.com/v5/entry/place/30991666,제주 제주시 한림읍 한림로 345,바틀샵,,https://www.instagram.com/josiesbottleshop/,"126.24087540173299","33.39437171986287"
152,경기,아트몬스터 성복역점,https://map.naver.com/v5/entry/place/1101792922,"경기 용인시 수지구 성복2로 51 A동 105호, 106호",브루펍,,https://www.instagram.com/artmonsterbrewery,"127.07885893579697","37.31363628434012"
153,경기,세븐브로이펍_향남점,https://map.naver.com/v5/entry/place/38002814,경기 화성시 향남읍 발안로 64,브루펍,,https://www.instagram.com/sevenbrau/,"126.91724224741479","37.13142639942774"
154,경기,세븐브로이펍_중동점,https://map.naver.com/v5/entry/place/1926749539,경기 부천시 원미구 중동 조마루로291번길 56,브루펍,,https://www.instagram.com/sevenbrau/,"126.77562250769267","37.50005646792257"
155,경기,카브루_상색_브루어리,,경기 가평군 가평읍 연갈길 20 ,브루펍,,https://www.instagram.com/kabrewbeer,"127.47868479437872","37.79453240146176"
156,서울,세븐브로이펍_여의도점,https://map.naver.com/v5/entry/place/1050197895,서울 영등포구 국회대로74길 9 삼보빌딩 2층,브루펍,,https://www.instagram.com/sevenbrau/,"126.92130877584808","37.53051858249191"
157,서울,크래프트원,https://map.naver.com/v5/entry/place/32762630,서울 마포구 연희로 35 2층,탭룸,,http://www.instagram.com/craftonepub,"126.92699532745608","37.56194365556744"
158,대전,에잇마일,http://naver.me/5aVteY7o,대전 서구 둔지로 52 1층 103호,탭룸,,https://www.instagram.com/8mile_pizza/,"127.37690440545445","36.35426865143343"
159,대전,두탭스,http://naver.me/Fk5atkiw,대전 중구 중앙로130번길 37-14,탭룸,"괴즈, 람빅 종류 상당량 보유중.",https://www.instagram.com/dotapscraft/,"127.42578938356881","36.326632738339356"
160,대전,리틀탭,http://naver.me/FJHivon,대전 유성구 노은로 150,탭룸,"스타우트, 임페리얼 스타우트 전문.",https://www.instagram.com/littletapbeer/,"127.31841412915024","36.37294547317908"
161,대전,크래프트피피,http://naver.me/Fa3SHZlb,대전 서구 대덕대로175번길 60 메르하우젠,탭룸,,https://www.instagram.com/craft_peepee/,"127.37418218950123","36.35072540530004"
162,대전,몰트몰트,http://naver.me/Fn2D7aMR,대전 서구 대덕대로161번길 13,탭룸,위스키 전문이지만 수제 맥주가 있어 다양하게 즐기기 좋음,https://www.instagram.com/malt_molt/,"127.37539148690568","36.34821968252696"
163,대전,공방브루,http://naver.me/FKKTirIP,대전 중구 중앙로 136-1 ,공방,맥주 공방 ,"https://www.instagram.com/daejeon_brew
","127.42496900003427","36.328107274053615"
164,대전,바틀샵OPENER,http://naver.me/xrP6K6ra,대전 유성구 관평1로 94-11,바틀샵,"와인, 맥주 종류 다양함.",https://www.instagram.com/in6970/,"127.39445455884497","36.421673750466844"
165,서울,유미마트,http://naver.me/xTeSsfWu,서울 강동구 진황도로27길 4 ,바틀샵,,https://www.instagram.com/yumimart1/,"127.13167631247484","37.53853235855719"
166,경기,댕크야드 레코드바,http://naver.me/xZD0zlCl,경기 하남시 미사강변중앙로 223 3층 304호,탭룸,,https://www.instagram.com/dankyard_bar_/,"127.18837958084629","37.56660660866212"
167,서울,Bel.G,http://naver.me/x1emIBof,서울 용산구 녹사평대로54길 23,탭룸,벨기에 맥주 위주로 판매하는 펍,https://www.instagram.com/bel.g_belgium/,"126.98860839621798","37.539164309123954"
168,서울,화이트래빗,http://naver.me/GXEt5ELM,서울 용산구 녹사평대로 242,탭룸,,https://www.instagram.com/white_rabbit_taphouse/,"126.98735146287946","37.539166391456"
169,부산,비어샵,http://naver.me/FKZXrWjs,"부산 부산진구 전포대로210번길 24-7 1층, 2층",탭룸,,https://www.instagram.com/beershop.kr/,"129.06684721535362","35.155193319003324"
170,서울,브루독 이태원,http://naver.me/58HF0Oka,서울 용산구 이태원로27나길 40 B104호,브루펍,브루독 맥주를 판매하는 브루펍,https://www.instagram.com/brewdogkr/,"126.99692253782409","37.534941427321"
171,경상,화이트래빗,http://naver.me/FIpPyQ6N,경남 창원시 마산합포구 오동북5길 23,탭룸,서점과 같은 분위기의 펍,,"128.57981953278812","35.207966451960694"
172,서울,에일크루브루잉,http://naver.me/FyeuMxcf,서울 마포구 모래내로 87,브루펍,,https://www.instagram.com/alecrew_brewing,"126.9124625159492","37.566681974911084"
173,경기,후안즈,http://naver.me/IFjFsf3w,경기 성남시 분당구 판교공원로2길 55 ,탭룸,,http://www.instagram.com/juan.augustinus,"127.09195979288691","37.389870692072535"
174,경기,"64앨리스탭하우스",http://naver.me/59j8AB00,경기 평택시 평택로64번길 21-5,탭룸,,,"127.08618608302154","36.99357388956807"
175,서울,엑셀플레이스,http://naver.me/FQ5u65s8,서울 성동구 고산자로 335,탭룸,"맥주 뿐만 아니라 위스키, 수제버거, 스테이크등을 판매하는 가게",https://www.instagram.com/excelplace_majang/,"127.03723359536166","37.56953230808869"
176,경기,노군맥주,http://naver.me/GyeyrTd1,경기 수원시 팔달구 아주로13번길 22 1층,탭룸,,https://www.instagram.com/nogoonbeer_1f,"127.04267819206676","37.276176514428606"
177,경기,노군맥주이층,http://naver.me/FS6Gj2S6,경기 수원시 영통구 아주로4번길 16 2층,탭룸,,http://instagram.com/nogoonbeer_2f,"127.04494931990328","37.275089372498705"
178,경기,베베양조,http://naver.me/G8U3OfIQ,경기 광주시 용샘길 35-1,브루펍,,http://www.beberbrewery.com/,"127.23245986077812","37.429471646521755"
179,전라,오매,http://naver.me/5wfrPGW6,전남 여수시 안심산길 23-1,브루펍,,https://www.instagram.com/ohmae_brewery/,"127.6438441003571","34.7590956025748"
180,경기,맥다방,http://naver.me/FHYMnQAH,경기 고양시 일산서구 고양대로672번길 21,탭룸,,https://www.instagram.com/macdabang/,"126.77025888025156","37.68322256729726"
181,경기,바틀5150,http://naver.me/FpXMKXkz,경기 양주시 장흥면 호국로 176-16,바틀샵,,https://www.instagram.com/bottle5150/,"126.94156247973768","37.715911021845024"
182,경기,몰티스 브루펍 ,http://naver.me/GnG0Lysk,경기 고양시 일산동구 하늘마을1로 16-10 에스플러스타워 1층,탭룸,,http://www.instagram.com/maltys_official,"126.78710693026287","37.6745564131723"
183,서울,개포술장,http://naver.me/FAr8GVuv,서울 강남구 논현로 4 ,바틀샵,,https://www.instagram.com/gaepo_sooljang/,"127.05088078354957","37.47204154543177"
184,서울,Play Unknown Beer,http://naver.me/GJrFhF0C,서울 마포구 토정로3길 22 1층,탭룸,,http://instagram.com/playunknownbeer,"126.91457065443885","37.546505136169905"
185,서울,더풀비어,http://naver.me/57wAwXIE,서울 마포구 월드컵북로9길 24,탭룸,,https://www.instagram.com/the_fool_beer/,"126.91607502593983","37.55882162871566"
186,서울,주류사회,http://naver.me/Gulslv2g,서울 마포구 양화로 45,바틀샵,,https://www.instagram.com/sool_society/,"126.91366963674992","37.54983698941132"
187,경기,한우돌곱창,http://naver.me/GkKSWtuV,경기 화성시 동탄중심상가2길 36	,곱창집,곱창과 같이 수제맥주를 드셔보세요,https://www.instagram.com/hanwoo0033/,"127.07349694625435","37.20679319804272"
188,경기,그레이트이스트,http://naver.me/5qRnvVN2,경기 수원시 영통구 월드컵로179번길 14-12 2층,탭룸,,https://www.instagram.com/greateastpub/,"127.04490621150434","37.27845191388838"
189,경기,더바틀룸,http://naver.me/5zJov4JU,"경기 성남시 분당구 정자일로 121
",바틀샵,여러 종류의 맥주를 판매하는 바틀샵입니다,"http://www.instagram.com/the_bottle_room
","127.10581491429487","37.36109816139617"
190,경상,통영맥주,http://naver.me/FEJdzxDn,경남 통영시 항북길 53,브루펍,목욕탕을 개조한 맥주집입니다.,http://instagram.com/donghotang,"128.42939587324722","34.844760312539336"
191,경상,진주탭룸,http://naver.me/GEAIf39z,경남 진주시 신평공원길7번길 12,탭룸,,http://www.instagram.com/jinju_taproom,"128.0645030220353","35.170788200305736"
192,서울,로즈앤크라운,http://naver.me/xM28j9vX,서울 용산구 이태원로19길 6,탭룸,영국식 스타일 펍입니다.,"http://www.instagram.com/the_roseandcrown
","126.99199751419442","37.53474125713381"
193,부산,컬러드,http://naver.me/GhPW9zL2,부산 금정구 부산대학로63번길 39,브루펍,,https://www.instagram.com/coloredd_brew/,"129.0841252036297","35.22987658368891"
194,경기,후펍,http://naver.me/GrSq2Pnj,경기 용인시 처인구 포곡읍 포곡로61번길 6,탭룸,,http://www.instagram.com/hoo_pub,"127.21286778803753","37.26789818895645"
195,서울,아인글라스,http://naver.me/F1LDE3Ez,서울 서초구 양재천로 143-12,브루펍,뮌헨공대 양조학과 출신의 브루마스터가 만드는 독일 맥주를 먹을 수 있는 맥주집입니다.,https://www.instagram.com/einglas_bier,"127.04231090206147","37.479919646380665"
196,부산,꼽표XXX,http://naver.me/IDBxZOFC,부산 동래구 온천천로437번길 25,탭룸,,https://www.instagram.com/ggobpyo____taproom/,"129.1012428411486","35.19288884184715"
197,경상,위캔드커먼,http://naver.me/FS6UukVf,경북 경주시 원효로 152-2,바틀샵,"매주 금,토,일 만 오픈하는 바틀샵입니다.",https://www.instagram.com/weekendcommon/,"129.2176619290878","35.841699898017154"
198,경기,이스트앤박테리아,http://naver.me/59eURL00,경기 수원시 팔달구 정조로892번길 17 1층,탭룸,,https://www.instagram.com/yeastandbacteria,"127.0160438869429","37.287931436478736"
199,부산,티아펍,http://naver.me/xrPnegCk,부산 중구 부평1길 4,탭룸,,https://www.instagram.com/tiapub/,"129.0258022404411","35.09966107426633"
200,부산,아키투탭하우스,http://naver.me/5eGwpELW,부산 중구 남포길 31,탭룸,,https://www.instagram.com/akitu_tap_house/,"129.03214016977304","35.09860247880702"
201,부산,와일드캣브루잉,http://naver.me/GjR0XAIY,부산 부산진구 신천대로62번길 2 ,브루펍,,https://www.instagram.com/wildcatbrewing/,"129.0586091364546","35.15091374846701"
202,인천,엑스트라스몰 브루잉룸,http://naver.me/5X9wReVq,인천 연수구 청명로 19,브루펍,,https://www.instagram.com/xs.brewing.rm/,"126.67522412509415","37.41757132761446"
203,서울,히든트랙,http://naver.me/FwnAACx9,서울 동대문구 약령시로 6,탭룸,,https://www.instagram.com/hiddentrack_anam/,"127.03049338141696","37.58253038757705"
204,서울,맥주덕후 피자덕후,http://naver.me/57wWJyLf,서울 강남구 선릉로157길 23,탭룸,,https://www.instagram.com/beerduckhu,"127.03794198123624","37.5261030134241"
205,경기,노군수제맥주 동탄점,http://naver.me/GeW7pe0E,경기 화성시 동탄반송2길 25-5,탭룸,,https://www.instagram.com/nogoon002/,"127.06482395897298","37.20942145913365"
206,경기,노군수제맥주 화성시청점,http://naver.me/5cTNFnTZ,경기 화성시 남양읍 역골동로 9-16 1층,탭룸,,https://www.instagram.com/nogoon003/,"126.82871429827082","37.202490503299614"
207,경상,호피홀리데이,http://naver.me/xWNTLQWm,경북 의성군 안계면 소보안계로 2068,공방,,http://hoppyholiday.us/,"128.4358520024575","36.384122702085584"
208,서울,NOOSA PUB,http://naver.me/5y4qnnA2,서울 은평구 연서로29길 22-38,탭룸,,https://www.instagram.com/noosa_pub/,"126.9179930646675","37.62002298073675"
